{
  "input": "data",
  "model": "face_detection_yunet_2023mar.onnx",
  "score_threshold": 0.1,
  "best_face_only": true,
  "min_size": 48,
  "nms_threshold": 0.3,
  "top_k": 5000,
  "margin": 0.25,
  "sort": "asc",
  "images": 1120,
  "images_without_faces": 4,
  "detections": 1116,
  "detections_at_least_min_size": 1103,
  "detections_below_min_size": 13,
  "min_score": 0.10158011317253113,
  "max_score": 0.953890323638916,
  "p01": 0.18924657255411148,
  "p05": 0.550528347492218,
  "p10": 0.8144617676734924,
  "p25": 0.8970440775156021,
  "p50": 0.9199260175228119,
  "p75": 0.9321481287479401,
  "p90": 0.939508706331253,
  "p95": 0.9427699744701385,
  "p99": 0.9490218251943588
}
