{
  "input": "vk_user_photos",
  "model": "face_detection_yunet_2023mar.onnx",
  "score_threshold": 0.65,
  "best_face_only": true,
  "min_size": 48,
  "nms_threshold": 0.3,
  "top_k": 5000,
  "margin": 0.25,
  "sort": "asc",
  "images": 1832,
  "images_without_faces": 281,
  "detections": 1551,
  "detections_at_least_min_size": 1540,
  "detections_below_min_size": 11,
  "min_score": 0.6502583026885986,
  "max_score": 0.9566227197647095,
  "p01": 0.6606396734714508,
  "p05": 0.7114256918430328,
  "p10": 0.7544842958450317,
  "p25": 0.8635832667350769,
  "p50": 0.9120451211929321,
  "p75": 0.9297731816768646,
  "p90": 0.9395495653152466,
  "p95": 0.9439291656017303,
  "p99": 0.9496232271194458
}
